link,name,price
/su/d11092946991e2fdx.htm#fr_page=list&fr_pos=city&fr_no=0,大众 朗行 2013款 1.6L 自动风尚型,5.57
/sh/dd051d92ab24e7dfx.htm#fr_page=list&fr_pos=city&fr_no=1,雪佛兰 科帕奇 2015款 2.4L 四驱旗舰版 7座,8.64
/km/8399b8a18631e251x.htm#fr_page=list&fr_pos=city&fr_no=2,猎豹CS10 2015款 2.0T 手动风尚型,4.84
/fz/53cbfbcb2f9bdc89x.htm#fr_page=list&fr_pos=city&fr_no=3,奥迪Q5 2011款 2.0TFSI 技术型,12.69
/fz/60ad8f1781a5d8a0x.htm#fr_page=list&fr_pos=city&fr_no=4,三菱 翼神 2012款 时尚版 1.8L 手动舒适型,3.29
/weifang/0b4419ad61c139e0x.htm#fr_page=list&fr_pos=city&fr_no=5,现代ix35 2010款 2.4L 自动两驱尊贵版GLS,6.40
/bj/53a43670f3109062x.htm#fr_page=list&fr_pos=city&fr_no=6,别克 君威 2015款 1.6T 精英技术型,8.28
/tj/be23f50d8127fa92x.htm#fr_page=list&fr_pos=city&fr_no=7,大众 途观 2015款 1.8TSI 自动两驱舒适版,10.71
/sh/56df53ac6ca8bd6dx.htm#fr_page=list&fr_pos=city&fr_no=8,别克 君威 2012款 2.0L 舒适版,5.47
/sh/e47cf956c8fb68a5x.htm#fr_page=list&fr_pos=city&fr_no=9,别克 英朗 2014款 XT 1.6L 自动时尚版,5.94
/nantong/9e4a1bf5189863dbx.htm#fr_page=list&fr_pos=city&fr_no=10,标致2008 2014款 1.6L 自动时尚版,4.47
/xuzhou/0a50a84280050a15x.htm#fr_page=list&fr_pos=city&fr_no=11,大众 速腾 2015款 1.6L 自动时尚型,8.10
/zunyi/7b672ed778aff3c9x.htm#fr_page=list&fr_pos=city&fr_no=12,奥迪Q5 2016款 40 TFSI 技术型,19.73
/yancheng/859f904fab572fa3x.htm#fr_page=list&fr_pos=city&fr_no=13,别克 英朗 2015款 15N 自动豪华型,6.51
/nn/425f47c84338c91cx.htm#fr_page=list&fr_pos=city&fr_no=14,现代ix35 2012款 2.0L 自动两驱精英版GLS,6.51
/dl/884497a1e9a40bebx.htm#fr_page=list&fr_pos=city&fr_no=15,现代 全新胜达 2013款 2.4L 自动四驱智能型,9.12
/su/19a93ffa37467032x.htm#fr_page=list&fr_pos=city&fr_no=16,别克 威朗 2018款 三厢 20T 双离合领先型,9.04
/liaocheng/6844da6c9ad4316cx.htm#fr_page=list&fr_pos=city&fr_no=17,奥迪A4L 2016款 35 TFSI 典藏版 S line舒适型,17.58
/qd/963f636814bcff3cx.htm#fr_page=list&fr_pos=city&fr_no=18,日产 天籁 2013款 2.0L XL舒适版,10.60
/nc/dc0f077be8ee1363x.htm#fr_page=list&fr_pos=city&fr_no=19,大众 捷达 2013款 1.4L 手动时尚型,3.38
/cq/5918b4f25f33a49fx.htm#fr_page=list&fr_pos=city&fr_no=20,斯柯达 明锐 2015款 1.6L 自动逸俊版,5.94
/hz/955f6c07492d732ax.htm#fr_page=list&fr_pos=city&fr_no=21,宝马1系 2012款 116i 领先型(进口),9.77
/tangshan/e0d872984800e629x.htm#fr_page=list&fr_pos=city&fr_no=22,凯迪拉克SRX 2015款 3.0L 舒适型(进口),15.16
/tj/63fed1256307e577x.htm#fr_page=list&fr_pos=city&fr_no=23,斯柯达 晶锐 2012款 1.4L 自动晶灵版,4.33
/dl/f71e89d8a904bc14x.htm#fr_page=list&fr_pos=city&fr_no=24,荣威360 2018款 PLUS 1.5L 自动豪华版,5.57
/cq/fd0da2f999a32e69x.htm#fr_page=list&fr_pos=city&fr_no=25,起亚K3 2016款 1.6L 自动GL,6.79
/sh/0ff3d90c60f03fe8x.htm#fr_page=list&fr_pos=city&fr_no=26,现代 名图 2014款 1.8L 自动智能型GLS,7.43
/sjz/a41c610a67fbb40ex.htm#fr_page=list&fr_pos=city&fr_no=27,别克 昂科威 2016款 20T 两驱领先型,12.56
/huizhou/5ea6d15109377599x.htm#fr_page=list&fr_pos=city&fr_no=28,现代ix35 2012款 2.0L 自动两驱精英版GLS,6.92
/liaocheng/464c4bae9da9f155x.htm#fr_page=list&fr_pos=city&fr_no=29,本田 雅阁 2016款 2.0L 舒适版,13.21
/zibo/dd8692f1ca0e278cx.htm#fr_page=list&fr_pos=city&fr_no=30,别克 威朗 2015款 三厢 15S 自动领先型,6.77
/cd/ca6ad4d6a5c76c65x.htm#fr_page=list&fr_pos=city&fr_no=31,别克 英朗 2018款 18T 自动精英型,8.00
/zz/3a21158a3cad371dx.htm#fr_page=list&fr_pos=city&fr_no=32,现代 领动 2016款 1.6L 自动智炫·精英型,6.69
/changzhou/89e828ada194be4cx.htm#fr_page=list&fr_pos=city&fr_no=33,大众 高尔夫 2014款 1.4TSI 自动舒适型,8.19
/xiangyang/3f481f86f8923c1ex.htm#fr_page=list&fr_pos=city&fr_no=34,福特 福克斯 2015款 两厢 EcoBoost 125 自动超能风尚型,6.11
/hf/b9e8372f3ac4ebcex.htm#fr_page=list&fr_pos=city&fr_no=35,起亚KX5 2016款 1.6T 自动两驱DLX,10.12
/tj/27fc76e86119d637x.htm#fr_page=list&fr_pos=city&fr_no=36,宝骏310 2016款 1.2L 手动豪华型,3.26
/gy/f10b8551b313c851x.htm#fr_page=list&fr_pos=city&fr_no=37,荣威350 2014款 1.5L 手动迅驰版,2.89
/cd/caabf87545c8b6e8x.htm#fr_page=list&fr_pos=city&fr_no=38,大众 朗逸 2017款 1.6L 自动风尚版,8.16
/su/f38e9be3c6d5ec39x.htm#fr_page=list&fr_pos=city&fr_no=39,大众 凌渡 2018款 280TSI DSG舒适版,12.45
/dl/5fb760e2fe0619b0x.htm#fr_page=list&fr_pos=city&fr_no=0,本田CR-V 2016款 2.0L 两驱都市版,14.70
/liaocheng/05f53ba52979e64ex.htm#fr_page=list&fr_pos=city&fr_no=1,长安CS35 2017款 1.6L 自动豪华型,5.64
/wh/dbaf3d4e208a2350x.htm#fr_page=list&fr_pos=city&fr_no=2,丰田 雷凌 2017款 改款双擎 1.8H GS CVT精英天窗版 国V,12.00
/changzhi/c64c4ef535ae971ex.htm#fr_page=list&fr_pos=city&fr_no=3,别克 英朗 2010款 GT 1.6L 手动进取版,2.98
/xuzhou/07f1ac5d258210d0x.htm#fr_page=list&fr_pos=city&fr_no=4,日产 骐达 2016款 1.6L CVT酷动版,8.56
/zz/de1e470bf03b7d14x.htm#fr_page=list&fr_pos=city&fr_no=5,奔驰 唯雅诺 2010款 2.5L 尊贵版,10.05
/tj/65a4e33500dca483x.htm#fr_page=list&fr_pos=city&fr_no=6,铃木 锋驭 2014款 1.6L CVT两驱精英型,6.98
/nmg/773b63be674c4e09x.htm#fr_page=list&fr_pos=city&fr_no=7,别克 凯越 2015款 1.5L 手动经典型,4.19
/yangzhou/43a70570dee0c991x.htm#fr_page=list&fr_pos=city&fr_no=8,丰田 凯美瑞 2019款 2.0G 豪华版 国VI,17.94
/cc/b83c103701de6774x.htm#fr_page=list&fr_pos=city&fr_no=9,丰田 汉兰达 2009款 3.5L 四驱7座至尊版,13.49
/yangzhou/b576751a30047489x.htm#fr_page=list&fr_pos=city&fr_no=10,马自达6 2011款 2.0L 自动时尚型,5.21
/wh/3272eddd081ce546x.htm#fr_page=list&fr_pos=city&fr_no=11,铃木 天语 SX4 2011款 两厢 1.6L 手动运动型,2.79
/weifang/1019d6c2f0a0a121x.htm#fr_page=list&fr_pos=city&fr_no=12,别克 凯越 2018款 15N CVT精英型,7.30
/zz/6c8e8ff460b476cex.htm#fr_page=list&fr_pos=city&fr_no=13,奥迪A6L 2012款 30 FSI 舒适型,19.56
/dezhou/b6232b8e90a8ea6fx.htm#fr_page=list&fr_pos=city&fr_no=14,斯柯达 明锐 2016款 1.6L 自动智行版,7.05
/sjz/bbf87d2aa39e01e5x.htm#fr_page=list&fr_pos=city&fr_no=15,现代 朗动 2016款 1.6L 手动尊贵型,6.24
/zz/63f14e97d03464ddx.htm#fr_page=list&fr_pos=city&fr_no=16,长安 奔奔 2014款 1.4L IMT尊贵型,2.96
/su/efd7545d1b0d9be0x.htm#fr_page=list&fr_pos=city&fr_no=17,本田 思铂睿 2015款 2.4L Si,13.86
/yancheng/be802378adf94a5cx.htm#fr_page=list&fr_pos=city&fr_no=18,本田 思域 2019款 220TURBO CVT燃动版 国VI,12.56
/sjz/cf2c92b1c90459dfx.htm#fr_page=list&fr_pos=city&fr_no=19,长安 逸动 2018款 1.6L GDI 手动时尚型,5.77
/weifang/1e964f746e38b6b9x.htm#fr_page=list&fr_pos=city&fr_no=20,北汽绅宝 绅宝X35 2016款 1.5L 手动豪华版,4.38
/hrb/1e70e58b90beb3a8x.htm#fr_page=list&fr_pos=city&fr_no=21,大众 宝来 2018款 1.5L 手动时尚型,7.05
/nc/0d42af08facbf854x.htm#fr_page=list&fr_pos=city&fr_no=22,MG3 2014款 1.5L AMT精英版,3.91
/weifang/846df9c51a6514b1x.htm#fr_page=list&fr_pos=city&fr_no=23,哈弗H6 2018款 蓝标 运动版 1.5T 自动两驱精英型,8.35
/dl/a2de76eecd95f612x.htm#fr_page=list&fr_pos=city&fr_no=24,哈弗H6 2015款 升级版 1.5T 手动两驱精英型,5.36
/sjz/1388aef7e6389784x.htm#fr_page=list&fr_pos=city&fr_no=25,别克 威朗 2018款 两厢 15S 自动领先型,9.12
/cq/55a293f9f0bbf778x.htm#fr_page=list&fr_pos=city&fr_no=26,MINI 2015款 1.2T ONE 五门版,13.19
/wx/347ac6c5bd153a06x.htm#fr_page=list&fr_pos=city&fr_no=27,奔驰CLA级 2017款 改款 CLA 200 动感型(进口),21.00
/dl/689e794d25b2c96dx.htm#fr_page=list&fr_pos=city&fr_no=28,哈弗H6 2014款 运动版 1.5T 手动两驱精英型,6.28
/hz/b56b1902d43987d2x.htm#fr_page=list&fr_pos=city&fr_no=29,哈弗H6 2017款  蓝标 2.0T 自动两驱智尚型,8.36
/sy/5913c12159f3aa32x.htm#fr_page=list&fr_pos=city&fr_no=30,福特 领界 2019款 EcoBoost 145 CVT铂领型 国V,10.51
/lianyungang/f0f3513ed9d537f1x.htm#fr_page=list&fr_pos=city&fr_no=31,大众 桑塔纳 2016款 1.4L 手动风尚版,5.08
/jining/0445e1c9e0d17136x.htm#fr_page=list&fr_pos=city&fr_no=32,雪佛兰 科鲁兹 2017款 1.5L 自动先锋天窗版,6.38
/zhuhai/1800647284b88da8x.htm#fr_page=list&fr_pos=city&fr_no=33,现代 领动 2016款 1.6L 自动智炫·精英型,7.98
/yc/07bd683221b844acx.htm#fr_page=list&fr_pos=city&fr_no=34,起亚K3 2016款 1.6L 手动GL,5.75
/wh/b5045599af6dfb3ex.htm#fr_page=list&fr_pos=city&fr_no=35,标致308 2014款 乐享版 经典 1.6L 自动风尚型,5.02
/xingtai/7b81d5a0a5a4848ax.htm#fr_page=list&fr_pos=city&fr_no=36,雪佛兰 科沃兹 2018款 320 手动欣悦版,5.38
/jinhua/8da28230952a84a0x.htm#fr_page=list&fr_pos=city&fr_no=37,起亚K4 2014款 1.8L 自动GLS,7.80
/deyang/ac3cb456d41d75d8x.htm#fr_page=list&fr_pos=city&fr_no=38,宝骏730 2016款 1.5L 手动舒适型 7座 国V,4.28
/jinhua/a3a883cbbce25c1cx.htm#fr_page=list&fr_pos=city&fr_no=39,哈弗H6 2014款 运动版 2.4L 自动精英型,6.85
/weifang/8974a26b053eb28ex.htm#fr_page=list&fr_pos=city&fr_no=0,本田 艾力绅 2016款 2.4L 豪华版,24.90
/sh/721b7b1fd6a2006cx.htm#fr_page=list&fr_pos=city&fr_no=1,大众 高尔夫 2017款 230TSI 自动豪华百万辆纪念版,10.51
/jn/bea8361a8e06d5bbx.htm#fr_page=list&fr_pos=city&fr_no=2,丰田 花冠 2011款 1.6L 自动经典版,5.08
/jn/3469defb3942400cx.htm#fr_page=list&fr_pos=city&fr_no=3,本田 飞度 2014款 1.5L LX CVT舒适型,6.42
/dl/2df8dae7fa1697d4x.htm#fr_page=list&fr_pos=city&fr_no=4,大众 高尔夫 2018款 1.6L 自动舒适型,9.49
/zz/4bd6736270cea59ax.htm#fr_page=list&fr_pos=city&fr_no=5,哈弗H7 2017款 红标H7 2.0T 自动尊享型,7.44
/dl/ef2f14a715ce2733x.htm#fr_page=list&fr_pos=city&fr_no=6,哈弗H6 2015款 升级版 1.5T 手动两驱精英型,5.38
/cc/67858a7d0a8a4cb4x.htm#fr_page=list&fr_pos=city&fr_no=7,日产 奇骏 2014款 2.0L CVT舒适版 2WD,13.95
/lianyungang/ec73afb157e8c563x.htm#fr_page=list&fr_pos=city&fr_no=8,日产 逍客 2016款 2.0L CVT豪华版,10.65
/cc/8aa99bfbd0718d51x.htm#fr_page=list&fr_pos=city&fr_no=9,福特 经典全顺 2013款 2.8T改款柴油厢式运输车短轴中顶JX493ZLQ4,6.14
/cq/93496dcf85eab87dx.htm#fr_page=list&fr_pos=city&fr_no=10,荣威RX5 2016款 20T 两驱自动旗舰版,7.32
/jiaozuo/28d73e01d2963346x.htm#fr_page=list&fr_pos=city&fr_no=11,本田CR-V 2013款 2.0L 两驱经典版,11.72
/cc/79fbf0b5e44e75b9x.htm#fr_page=list&fr_pos=city&fr_no=12,福特 经典全顺 2013款 2.8T柴油普通型短轴中顶JX493ZLQ4,6.33
/hz/fdf01d16f0927cd1x.htm#fr_page=list&fr_pos=city&fr_no=13,宝马4系 2019款 425i Gran Coupe M运动套装(进口),33.06
/yangzhou/d5ef7b606fc9b0aax.htm#fr_page=list&fr_pos=city&fr_no=14,吉利 远景SUV 2016款 1.3T CVT豪华型,5.47
/nc/1d5e5d2567eccf1ax.htm#fr_page=list&fr_pos=city&fr_no=15,宝马3系GT 2016款 320i 时尚型(进口),22.60
/zunyi/013fac828903cf16x.htm#fr_page=list&fr_pos=city&fr_no=16,别克 英朗 2019款 18T 自动互联精英型 国V,8.08
/su/3d08f6b99c447d2fx.htm#fr_page=list&fr_pos=city&fr_no=17,凯迪拉克XTS 2018款 28T 豪华型,19.52
/cd/e6599a706b25800ax.htm#fr_page=list&fr_pos=city&fr_no=18,路虎 发现神行 2018款 240PS SE版,24.17
/sjz/b36b4092732c9d37x.htm#fr_page=list&fr_pos=city&fr_no=19,本田 雅阁 2016款 2.0L 精英版,14.61
/nj/ed30200fb89a3d58x.htm#fr_page=list&fr_pos=city&fr_no=20,马自达 昂克赛拉 2014款 三厢 1.5L 自动豪华型,7.80
/sh/070828cf3a8044a8x.htm#fr_page=list&fr_pos=city&fr_no=21,比亚迪 宋MAX 2017款 1.5T 自动智联精英型 7座,7.26
/cc/a0fb8b7e72ba77d0x.htm#fr_page=list&fr_pos=city&fr_no=22,日产 逍客 2017款 2.0L CVT豪华版 国V,12.93
/hrb/2c418c81c864290ax.htm#fr_page=list&fr_pos=city&fr_no=23,奔驰C级 2017款 C 200 运动版,24.89
/cq/32d03de217e52c7ex.htm#fr_page=list&fr_pos=city&fr_no=24,宝马5系 2017款 520Li 典雅型,26.35
/sy/a98a18a07006ee1dx.htm#fr_page=list&fr_pos=city&fr_no=25,长安CS75 2017款 尚酷版 1.5T 自动锋享型,7.91
/hrb/d4b7234053305f1dx.htm#fr_page=list&fr_pos=city&fr_no=26,雪铁龙C5 2017款 350THP 自动豪华型,11.54
/jn/6ef1f719ebf76616x.htm#fr_page=list&fr_pos=city&fr_no=27,奔驰E级 2014款 改款 E 260 L 运动型,21.70
/su/e15fc9590f64874cx.htm#fr_page=list&fr_pos=city&fr_no=28,本田CR-V 2017款 混动 2.0L 净驰版,18.14
/zz/31ee359718f246d9x.htm#fr_page=list&fr_pos=city&fr_no=29,现代 全新胜达 2017款 2.0T 自动两驱智能型 7座,13.68
/su/efd7545d1b0d9be0x.htm#fr_page=list&fr_pos=city&fr_no=30,本田 思铂睿 2015款 2.4L Si,13.86
/xa/2dd853391586f354x.htm#fr_page=list&fr_pos=city&fr_no=31,路虎 发现神行 2018款 240PS SE版,24.54
/sjz/d1bfb728c47e7693x.htm#fr_page=list&fr_pos=city&fr_no=32,哈弗H6 Coupe 2016款 蓝标 1.5T 手动两驱精英型,7.15
/yichang/b7ebd35561fa6ab8x.htm#fr_page=list&fr_pos=city&fr_no=33,别克 君威 2012款 2.0L 舒适版,6.57
/hz/00760ce963b1c268x.htm#fr_page=list&fr_pos=city&fr_no=34,大众POLO 2016款 1.6L 自动舒适型,7.15
/yichang/34ecf86ca6a37ac4x.htm#fr_page=list&fr_pos=city&fr_no=35,丰田 凯美瑞 2018款 2.5HQ 旗舰版,22.56
/deyang/a6bccbd1f9ca7017x.htm#fr_page=list&fr_pos=city&fr_no=36,大众 途安 2015款 1.4T 自动豪华版5座,8.36
/dl/c3e6299dca2bfa4ex.htm#fr_page=list&fr_pos=city&fr_no=37,哈弗H6 Coupe 2019款 1.5T 自动两驱豪华智联版 国V,9.29
/yichang/3f9db9b4882be30ax.htm#fr_page=list&fr_pos=city&fr_no=38,大众 高尔夫 2018款 230TSI 自动舒适型,10.34
/zibo/d7aa17fc0700c3bfx.htm#fr_page=list&fr_pos=city&fr_no=39,雪佛兰 创酷 2016款 1.4T 自动两驱豪华型,7.05
/cq/62b7e43809a2e06cx.htm#fr_page=list&fr_pos=city&fr_no=0,众泰T600 2016款 1.5T 手动尊贵型,5.12
/qd/3e2af0cd3f25faa9x.htm#fr_page=list&fr_pos=city&fr_no=1,五菱宏光S3 2018款 1.5L 手动豪华型 国V,5.90
/hrb/d5f620d653d163cax.htm#fr_page=list&fr_pos=city&fr_no=2,马自达 昂克赛拉 2016款 三厢 1.5L 自动豪华型,10.53
/nc/7605ccef69ebcb3cx.htm#fr_page=list&fr_pos=city&fr_no=3,本田 思域 2014款 1.8L 自动舒适版,8.10
/jn/c5c42bc57f58cb70x.htm#fr_page=list&fr_pos=city&fr_no=4,现代 格越 2013款 3.0L 7座四驱舒适版(进口),12.89
/bj/8865b7fda047032fx.htm#fr_page=list&fr_pos=city&fr_no=5,大众 途观L 2017款 330TSI 自动两驱旗舰版,15.44
/cc/eb2a7809922881cfx.htm#fr_page=list&fr_pos=city&fr_no=6,福特 经典全顺 2015款 2.8T柴油多功能车长轴6座中顶JX493ZLQ4,7.54
/dl/ec9d64980b3d76aax.htm#fr_page=list&fr_pos=city&fr_no=7,哈弗H6 Coupe 2016款 蓝标 1.5T 自动两驱精英型,7.98
/weifang/18655fe7a6f94a44x.htm#fr_page=list&fr_pos=city&fr_no=8,大众POLO 2016款 1.4L 自动风尚型,6.88
/dl/c1ccc8cf164b27dex.htm#fr_page=list&fr_pos=city&fr_no=9,北汽绅宝 绅宝X65 2015款 2.0T 手动舒适型,4.01
/huizhou/b61ec3ba81a077b1x.htm#fr_page=list&fr_pos=city&fr_no=10,宝马3系 2017款 320i M运动型,21.19
/hf/0740086a6d014b5bx.htm#fr_page=list&fr_pos=city&fr_no=11,五菱荣光V 2016款 1.5L标准型,3.59
/dongying/cee61c4a10a85ca6x.htm#fr_page=list&fr_pos=city&fr_no=12,大众 途安 2011款 1.4T 自动智臻版5座,5.94
/jn/b6c8b6b2ec7e2115x.htm#fr_page=list&fr_pos=city&fr_no=13,本田 凌派 2013款 1.8L 自动舒适版,6.50
/nc/53b869751ee59889x.htm#fr_page=list&fr_pos=city&fr_no=14,吉利 帝豪 2014款 三厢 1.5L 手动精英型,3.39
/cc/9d3d303e92acd99dx.htm#fr_page=list&fr_pos=city&fr_no=15,马自达CX-5 2017款 2.0L 自动两驱智享型 国V,16.92
/quanzhou/fc13b067de20b98ax.htm#fr_page=list&fr_pos=city&fr_no=16,吉利 远景X3 2017款 1.5L 手动精英型,3.62
/jining/414b0f96994bccf5x.htm#fr_page=list&fr_pos=city&fr_no=17,比亚迪 元 2016款 1.5L 手动尊贵型,4.30
/cd/4b75f165958c3870x.htm#fr_page=list&fr_pos=city&fr_no=18,荣威RX5 2019款 20T 两驱自动4G互联铂金版,9.19
/sjz/88fb3629ea00fb74x.htm#fr_page=list&fr_pos=city&fr_no=19,福特 新世代全顺 2016款 2.4T短轴6座中低顶多功能车,10.79
/hz/dbedbedf64ceae0cx.htm#fr_page=list&fr_pos=city&fr_no=20,奔驰GLA级 2017款 GLA 200 动感型,17.86
/dl/5d5744fcad75c326x.htm#fr_page=list&fr_pos=city&fr_no=21,哈弗H6 2017款 红标 运动版 1.5T 自动两驱豪华型,7.22
/deyang/a9d497916764ab97x.htm#fr_page=list&fr_pos=city&fr_no=22,福特 蒙迪欧 2017款 EcoBoost 180 时尚型,11.16
/linyi/f3bd1326fdc5bb1fx.htm#fr_page=list&fr_pos=city&fr_no=23,大众 高尔夫 2017款 230TSI 自动舒适百万辆纪念版,10.60
/anshan/bc58e2631d33272ex.htm#fr_page=list&fr_pos=city&fr_no=24,本田 雅阁 2016款 2.0L 舒适版,15.07
/jining/a97e398cf3877f45x.htm#fr_page=list&fr_pos=city&fr_no=25,五菱宏光 2018款 1.5L S标准型L2B,5.19
/linfen/42d59f033f4ee64dx.htm#fr_page=list&fr_pos=city&fr_no=26,大众POLO 2016款 1.4L 自动风尚型,6.16
/hz/0b5f1550d389fbdax.htm#fr_page=list&fr_pos=city&fr_no=27,吉利 博越 2020款 1.8TD DCT智慧PRO,10.05
/wenzhou/36e4d88699715140x.htm#fr_page=list&fr_pos=city&fr_no=28,哈弗F7 2020款 2.0T 四驱i悦,12.69
/liuzhou/9320afd914d6257bx.htm#fr_page=list&fr_pos=city&fr_no=29,宝马5系新能源 2019款 改款 530Le 豪华套装,40.81
/jn/8328a14e1c265f66x.htm#fr_page=list&fr_pos=city&fr_no=30,奔驰C级 2018款 C 180 L 时尚型运动版,24.17
/yancheng/04995b3c090ca938x.htm#fr_page=list&fr_pos=city&fr_no=31,荣威RX5 2018款 20T 两驱自动互联网智尊版,9.30
/cc/8dbb86b73435c00cx.htm#fr_page=list&fr_pos=city&fr_no=32,大众 迈腾 2018款 380TSI DSG 尊贵型,18.51
/jiaozuo/d1507ffee570c9e9x.htm#fr_page=list&fr_pos=city&fr_no=33,吉利 远景 2018款 1.5L 手动幸福版,5.27
/cc/7089fd697fca612ex.htm#fr_page=list&fr_pos=city&fr_no=34,本田 艾力绅 2016款 2.4L 至尊版,26.79
/zunyi/8f1f132eabf3e995x.htm#fr_page=list&fr_pos=city&fr_no=35,海格 龙威 2014款 2.8T柴油 两驱经典版加长型JE493,3.17
/jiaozuo/3a75b47798169d97x.htm#fr_page=list&fr_pos=city&fr_no=36,本田 雅阁 2012款 2.4L SE,9.68
/sjz/bab452598b281725x.htm#fr_page=list&fr_pos=city&fr_no=37,传祺GS8 2019款 390T 两驱豪华智联版（七座）,15.35
/quanzhou/c9db7859a0f81dc6x.htm#fr_page=list&fr_pos=city&fr_no=38,本田 杰德 2017款 1.8L 自动舒适版 5座,12.33
/xuzhou/b6aa32ddf63437d8x.htm#fr_page=list&fr_pos=city&fr_no=39,雪佛兰 2015款 赛欧3 1.3L 手动理想版,3.33
/jiaozuo/657ec435a2d2d0ddx.htm#fr_page=list&fr_pos=city&fr_no=0,大众 帕萨特 2019款 330TSI 精英版 国V,17.49
/jn/3e15124361767f1ax.htm#fr_page=list&fr_pos=city&fr_no=1,大众 探岳 2019款 330TSI 两驱豪华型 国V,18.24
/yc/46cfe2e5481e75bax.htm#fr_page=list&fr_pos=city&fr_no=2,江淮 瑞风M5 2016款 2.0T 汽油自动商务版,8.43
/yuncheng/93dc0b27f05c662fx.htm#fr_page=list&fr_pos=city&fr_no=3,比亚迪 宋新能源 2017款 宋DM 1.5TID 全时四驱尊贵型,10.14
/luoyang/0b33dc0c2c873a91x.htm#fr_page=list&fr_pos=city&fr_no=4,丰田 凯美瑞 2013款 200G 经典豪华版,11.63
/dongying/43a1fd3183836f3bx.htm#fr_page=list&fr_pos=city&fr_no=5,日产 奇骏 2014款 2.0L CVT舒适版 2WD,12.36
/zz/be8d6d9932183488x.htm#fr_page=list&fr_pos=city&fr_no=6,Smart smart fortwo 2015款 1.0L 52千瓦硬顶灵动版,7.82
/dongying/71aa27498e83da56x.htm#fr_page=list&fr_pos=city&fr_no=7,起亚 狮跑 2013款 2.0L 自动两驱版GLS,7.26
/cq/7ef89c7a388da98bx.htm#fr_page=list&fr_pos=city&fr_no=8,日产 天籁 2016款 2.0L XE时尚版,12.37
/wh/930c8d2c8f6f8b26x.htm#fr_page=list&fr_pos=city&fr_no=9,奥迪A6L 2018款 30周年年型 45 TFSI quattro 运动型,31.44
/foshan/3e4be5186290a995x.htm#fr_page=list&fr_pos=city&fr_no=10,福特 翼搏 2013款 1.5L 自动风尚型,5.24
/cq/beb8207f1c887611x.htm#fr_page=list&fr_pos=city&fr_no=11,吉利 经典帝豪 2013款 三厢 1.5L 手动精英型,2.79
/wenzhou/028479db5fe55d62x.htm#fr_page=list&fr_pos=city&fr_no=12,哈弗F7x 2019款 1.5T 两驱极智潮玩版,10.98
/bj/be9577a3e8530c75x.htm#fr_page=list&fr_pos=city&fr_no=13,现代 全新胜达 2013款 2.0T 自动两驱尊贵型,9.03
/jn/7b5615a8304b6235x.htm#fr_page=list&fr_pos=city&fr_no=14,雷诺 科雷傲 2018款 2.0L 两驱120周年限量版,16.35
/cc/1439892224418e4bx.htm#fr_page=list&fr_pos=city&fr_no=15,日产 帕拉丁 2008款 2.4L 四驱标准型,6.05
/hf/70e8b6dfee29873ex.htm#fr_page=list&fr_pos=city&fr_no=16,传祺GS4 2017款 235T 自动两驱精英版,8.26
/dezhou/23059c890c0e7411x.htm#fr_page=list&fr_pos=city&fr_no=17,哈弗H6 2019款 1.5GDIT 自动冠军版 国VI,9.22
/cc/c8cdc8ebb81f9a3bx.htm#fr_page=list&fr_pos=city&fr_no=18,大众 速腾 2018款 280TSI DSG熠动版,10.79
/zz/ed9ce541185e97a2x.htm#fr_page=list&fr_pos=city&fr_no=19,别克 英朗 2016款 18T 双离合豪华型,8.37
/nn/a09c0cd523b88d42x.htm#fr_page=list&fr_pos=city&fr_no=20,雪佛兰 科鲁兹 2016款 1.5L 自动豪华版,5.22
/yc/6f29d2dacaaa37cdx.htm#fr_page=list&fr_pos=city&fr_no=21,长城 风骏6 2017款 2.4L汽油两驱精英型4G69,7.03
/cq/1264cadd62b348f6x.htm#fr_page=list&fr_pos=city&fr_no=22,长安CS35 2016款 1.6L 自动豪华型 国IV,4.93
/sh/ee64308609ac7a71x.htm#fr_page=list&fr_pos=city&fr_no=23,奔驰GLC级 2016款 GLC 260 4MATIC 动感型,25.58
/fz/b5096701a94e7e66x.htm#fr_page=list&fr_pos=city&fr_no=24,别克 凯越 2013款 1.5L 自动经典型,3.54
/fz/74fbd81bf8b35658x.htm#fr_page=list&fr_pos=city&fr_no=25,雪铁龙C4L 2013款 1.6L 手动劲享版,4.52
/longyan/7b97a209cd42d7bcx.htm#fr_page=list&fr_pos=city&fr_no=26,本田 锋范经典 2012款 1.5L 手动精英版,4.52
/zibo/a73a4363b214fbf8x.htm#fr_page=list&fr_pos=city&fr_no=27,大众 T-ROC探歌 2018款 230TSI DSG两驱进取型 国V,12.04
/su/e73843d84278aa89x.htm#fr_page=list&fr_pos=city&fr_no=28,福特 福克斯 2012款 两厢 1.6L 自动舒适型,4.64
/su/cb52b3f02792e6c5x.htm#fr_page=list&fr_pos=city&fr_no=29,荣威360 2015款 1.5L 自动豪华版,4.52
/foshan/8ad2a71c1d49f6e1x.htm#fr_page=list&fr_pos=city&fr_no=30,日产 阳光 2015款 1.5XE CVT舒适版,6.03
/zz/878a255ee0514eebx.htm#fr_page=list&fr_pos=city&fr_no=31,现代 全新胜达 2013款 2.4L 自动两驱智能型,7.71
/nn/8f291c4dfb19000dx.htm#fr_page=list&fr_pos=city&fr_no=32,大众 高尔夫 2011款 1.6 自动时尚型,4.76
/qd/dadc039ba279014bx.htm#fr_page=list&fr_pos=city&fr_no=33,起亚K2 2015款 三厢 1.4L AT GLS,5.00
/sh/f21bbc4a5f8c5720x.htm#fr_page=list&fr_pos=city&fr_no=34,奥迪Q5 2016款 40 TFSI 技术型,21.95
/bj/bd4f29dad19f4a4ex.htm#fr_page=list&fr_pos=city&fr_no=35,大众POLO 2011款 1.4L 自动致酷版,3.71
/sh/c4eca50e7c7425c8x.htm#fr_page=list&fr_pos=city&fr_no=36,标致408 2010款 2.0L 自动舒适版,2.79
/yc/70d740403785c578x.htm#fr_page=list&fr_pos=city&fr_no=37,本田 思域 2016款 220TURBO CVT豪华版,11.15
/xm/b73abbd8c3d95b5fx.htm#fr_page=list&fr_pos=city&fr_no=38,大众 途观 2010款 1.8TSI 自动两驱风尚版,8.00
/linfen/5610838bf7e44302x.htm#fr_page=list&fr_pos=city&fr_no=39,福特 福睿斯 2015款 1.5L 自动舒适型,4.65
